CampaignID,CampaignName,Region,Industry,Spend,Impressions,Clicks,Conversions,Revenue,ROI
1,Radio Ads,Oceania,Education,41696.19,466285,3616,1678,38360.4948,-0.08
2,Search Engine Ads,North America,Tech,4366.93,984250,19824,1234,6070.0327,0.39
3,Influencer Marketing,North America,Education,21790.55,424758,6510,1830,49464.5485,1.932580182
4,Radio Ads,North America,Finance,5048.27,434528,153,335,6057.924,0.2
5,TV Commercials,Africa,Retail,26218.22,448458,19059,1544,51912.0756,0.6726406
6,Content Marketing,South America,Tech,45046.14,898403,17099,1442,84236.2818,0.87
7,Influencer Marketing,Africa,Finance,39341.76,628071,6044,1640,89305.7952,1.916204677
8,Influencer Marketing,South America,Finance,12164.28,659969,7504,1823,12407.5656,0.035170063
9,Radio Ads,Africa,Tech,48823.55,622181,1054,1995,120105.933,1.46
10,Email Marketing,Africa,Education,33700.17,982892,10725,1974,60323.3043,0.79
11,TV Commercials,Oceania,Automotive,1510.96,509797,1729,846,3762.2904,0.844360397
12,Radio Ads,Asia,Finance,13515.26,168763,11073,517,31760.861,1.35
13,TV Commercials,Africa,Healthcare,13774.95,612248,6959,740,16254.441,0.13070089
14,TV Commercials,Oceania,Finance,4393.46,880820,8941,1634,3954.114,-0.057601382
15,Content Marketing,Europe,Automotive,48031.5,32601,10639,81,59078.745,0.23
16,Influencer Marketing,Asia,Education,24434.51,421236,12782,1280,41538.667,1.195341503
17,Search Engine Ads,Africa,Education,44894.92,149227,3378,650,48935.4628,0.09
18,Content Marketing,North America,Healthcare,16788.56,734479,19045,1757,18131.6448,0.08
19,Content Marketing,Europe,Finance,7136.44,702137,6639,949,11346.9396,0.59
20,TV Commercials,Europe,Education,24242.47,291854,16854,1888,20848.5242,-0.108288582
21,Billboards,Oceania,Automotive,6583.88,380858,957,617,6649.7188,0.01
22,Influencer Marketing,Europe,Tech,24814.76,689892,4986,1620,37470.2876,0.920561053
23,Email Marketing,Asia,Retail,46094.56,663015,13045,1968,41946.0496,-0.09
24,Content Marketing,Africa,Retail,26517.64,946105,7585,575,38980.9308,0.47
25,Search Engine Ads,Africa,Retail,31208.49,597515,13780,1377,50245.6689,0.61
26,Billboards,North America,Finance,8675.28,670327,16867,1958,13620.1896,0.57
27,Billboards,Oceania,Healthcare,3143.05,618577,14497,63,7166.154,1.28
28,Email Marketing,North America,Education,6429.59,161094,10844,1763,10930.303,0.7
29,Content Marketing,Europe,Tech,30328.05,446679,4434,537,48524.88,0.6
30,Search Engine Ads,North America,Automotive,5655.57,740031,19209,620,8483.355,0.5
31,Influencer Marketing,Asia,Tech,19423.65,802154,12326,1565,42537.7935,1.943963331
32,Social Media Ads,Africa,Automotive,27954.51,692773,13540,1591,64854.4632,1.32
33,Search Engine Ads,Europe,Finance,20043.99,877482,15120,1996,45098.9775,1.25
34,Email Marketing,North America,Retail,9020.51,512648,4351,202,17589.9945,0.95
35,Billboards,Oceania,Finance,14415.77,768108,12280,1928,14848.2431,0.03
36,Influencer Marketing,Asia,Healthcare,46487.56,771282,16240,67,59039.2012,0.464220149
37,Search Engine Ads,Asia,Healthcare,34123.13,489083,1022,1470,30028.3544,-0.12
38,Social Media Ads,North America,Automotive,25306.34,355740,19399,1144,60229.0892,1.38
39,Social Media Ads,Africa,Education,1623.03,863164,8057,138,3116.2176,0.92
40,TV Commercials,North America,Education,49628.35,415513,19530,1882,102730.6845,0.685568178
41,TV Commercials,Europe,Automotive,33901.29,78323,15896,715,45088.7157,0.172032705
42,Radio Ads,North America,Healthcare,16529.2,295960,1330,1958,37025.408,1.24
43,Email Marketing,Asia,Healthcare,44084.16,574983,10727,861,54664.3584,0.24
44,Content Marketing,North America,Healthcare,13663.15,422918,10106,1359,10930.52,-0.2
45,Search Engine Ads,Africa,Finance,27656.81,428458,5033,17,39825.8064,0.44
46,Search Engine Ads,Oceania,Healthcare,32167.47,65841,14395,38,56936.4219,0.77
47,Content Marketing,South America,Tech,11832.11,400642,16477,1145,19049.6971,0.61
48,Radio Ads,North America,Retail,48941.47,208784,303,956,111097.1369,1.27
49,Billboards,Africa,Healthcare,37661.4,117096,16644,1706,36908.172,-0.02
50,Billboards,Africa,Automotive,28332.85,102764,15999,140,49299.159,0.74
51,Radio Ads,Oceania,Retail,9849.14,456790,3848,197,16448.0638,0.67
52,Billboards,Asia,Finance,3639.05,620032,6818,1708,4657.984,0.28
53,TV Commercials,Africa,Automotive,16682.93,824914,19065,718,36702.446,0.631241863
54,Search Engine Ads,Africa,Retail,37906.18,543459,1193,1508,78844.8544,1.08
55,Radio Ads,Africa,Automotive,14197.23,635043,15328,1397,29104.3215,1.05
56,Search Engine Ads,Africa,Finance,27438.25,502148,16134,1237,62833.5925,1.29
57,Content Marketing,Europe,Tech,36669.41,642413,5810,221,74438.9023,1.03
58,Social Media Ads,Europe,Finance,6289.24,927154,9832,1654,7484.1956,0.19
59,TV Commercials,Asia,Finance,34579.6,378226,19359,285,69159.2,0.565490934
60,Influencer Marketing,North America,Automotive,5501.67,13696,3291,1106,7262.2044,0.593407882
61,TV Commercials,Africa,Education,48291.36,136310,18321,1712,58432.5456,0.106113213
62,Radio Ads,Oceania,Healthcare,24931.31,947562,789,1805,22936.8052,-0.08
63,Influencer Marketing,North America,Healthcare,8383.13,685673,2203,252,17269.2478,1.824211158
64,Social Media Ads,Oceania,Tech,17776.8,815581,465,1820,35731.368,1.01
65,Radio Ads,North America,Tech,21257.41,926496,14110,1135,25508.892,0.2
66,Email Marketing,Asia,Healthcare,38151.07,849953,11867,996,78972.7149,1.07
67,Search Engine Ads,Africa,Education,37427.77,55740,16203,694,88329.5372,1.36
68,Social Media Ads,Africa,Healthcare,30985.08,116611,12842,180,30365.3784,-0.02
69,Search Engine Ads,South America,Education,6190.6,408172,12491,662,7428.72,0.2
70,Billboards,Oceania,Tech,8426.9,478947,4272,1942,17527.952,1.08
71,Email Marketing,North America,Retail,5594.09,485828,15723,197,7104.4943,0.27
72,Email Marketing,North America,Automotive,29281.47,783210,2478,1474,54463.5342,0.86
73,Social Media Ads,Europe,Tech,43979.78,338785,17689,1119,41340.9932,-0.06
74,Email Marketing,South America,Tech,22256.23,598099,12131,1509,34942.2811,0.57
75,Influencer Marketing,Europe,Finance,8881.56,455376,5769,61,18296.0136,1.650517404
76,Email Marketing,Europe,Finance,28344.07,716673,2835,120,55837.8179,0.97
77,Search Engine Ads,Europe,Finance,40775.86,597520,9967,1982,89299.1334,1.19
78,Search Engine Ads,Oceania,Automotive,37343.89,811849,8590,886,85517.5081,1.29
79,Radio Ads,Oceania,Finance,44191.09,690089,1056,1887,93243.1999,1.11
80,Search Engine Ads,Asia,Education,14617.2,122492,9406,1076,28357.368,0.94
81,Radio Ads,Asia,Healthcare,10503.74,40099,6723,220,8928.179,-0.15
82,Search Engine Ads,Europe,Retail,44111.01,763494,15008,1233,75429.8271,0.71
83,Influencer Marketing,South America,Tech,33220.46,433177,17958,1843,28569.5956,-0.24256438
84,Content Marketing,North America,Education,16235.52,940106,4560,867,35231.0784,1.17
85,Radio Ads,Oceania,Retail,37375.05,652762,14086,1785,50456.3175,0.35
86,TV Commercials,South America,Education,40940.8,281400,12738,636,72055.808,0.482434597
87,Billboards,Africa,Education,31133.93,489336,19312,1059,39851.4304,0.28
88,Social Media Ads,Oceania,Tech,34706.32,777876,2950,1952,73924.4616,1.13
89,Search Engine Ads,Oceania,Healthcare,19387.74,568969,13399,308,44785.6794,1.31
90,Email Marketing,Asia,Finance,27396.09,101328,10798,1110,40546.2132,0.48
91,Content Marketing,North America,Automotive,26683.8,752800,19448,933,60572.226,1.27
92,Search Engine Ads,North America,Healthcare,42554.34,992293,4694,146,53192.925,0.25
93,Email Marketing,Africa,Automotive,42158.24,315505,14382,1053,72090.5904,0.71
94,Billboards,Africa,Tech,41801.34,467719,16385,449,94471.0284,1.26
95,Billboards,Oceania,Tech,1540.55,44540,14434,220,2079.7425,0.35
96,Billboards,Europe,Tech,37727.73,167608,6744,761,91301.1066,1.42
97,Email Marketing,Asia,Retail,38175.14,94700,2950,1584,38556.8914,0.01
98,Search Engine Ads,Asia,Automotive,34240.56,990547,15033,444,28419.6648,-0.17
99,Billboards,Oceania,Healthcare,38056.97,350676,265,789,89053.3098,1.34
100,Influencer Marketing,South America,Healthcare,42256.55,721935,10801,1240,38876.026,-0.126276691
101,Radio Ads,Europe,Education,24045.63,399770,1019,448,59873.6187,1.49
102,Email Marketing,Oceania,Education,25600.46,406087,8405,1812,61953.1132,1.42
103,Email Marketing,Europe,Education,7110.99,56002,19988,675,7324.3197,0.03
104,Search Engine Ads,Europe,Tech,19883.42,59812,17475,1075,34000.6482,0.71
105,Email Marketing,Europe,Healthcare,32524.89,425842,15815,420,36102.6279,0.11
106,Email Marketing,Oceania,Automotive,39239.59,725339,3939,1556,60036.5727,0.53
107,Billboards,Asia,Tech,11643.25,267906,17742,815,10478.925,-0.1
108,Search Engine Ads,Asia,Retail,7753.32,118946,11718,619,9148.9176,0.18
109,Billboards,Europe,Education,33489.06,76668,13619,436,47554.4652,0.42
110,Radio Ads,South America,Tech,1092.11,109003,10876,1308,1692.7705,0.55
111,Content Marketing,North America,Tech,9740.26,745430,167,1481,23961.0396,1.46
112,Radio Ads,Oceania,Retail,2424.5,230462,9888,911,5261.165,1.17
113,Content Marketing,North America,Finance,9177.37,839430,5760,951,18813.6085,1.05
114,Billboards,South America,Healthcare,9884.64,729174,4578,1917,16902.7344,0.71
115,Radio Ads,Oceania,Automotive,19996.01,638889,8310,751,44591.1023,1.23
116,Search Engine Ads,Europe,Finance,20714.03,973111,11022,1402,28585.3614,0.38
117,Social Media Ads,Asia,Education,43838.86,279956,3621,1971,88116.1086,1.01
118,Billboards,North America,Tech,25995.38,71844,672,1253,64728.4962,1.49
119,Content Marketing,Africa,Retail,36446.83,735453,7182,1610,48474.2839,0.33
120,Influencer Marketing,Africa,Retail,6102.73,405395,5495,1900,11900.3235,1.545964301
121,Content Marketing,South America,Healthcare,12046.5,709158,15507,1265,26984.16,1.24
122,Influencer Marketing,Europe,Finance,35444.23,84601,18742,337,83648.3828,2.167789651
123,Email Marketing,North America,Healthcare,3587.39,935779,11194,1476,7246.5278,1.02
124,Radio Ads,Europe,Tech,24843.29,978078,750,61,31799.4112,0.28
125,Influencer Marketing,North America,Healthcare,30369.08,320001,5841,1919,40998.258,0.626465935
126,Content Marketing,South America,Automotive,30505.14,397699,13381,1976,25624.3176,-0.16
127,Email Marketing,South America,Retail,2123.71,504700,6938,385,4438.5539,1.09
128,Social Media Ads,Africa,Retail,16783.29,292844,19071,272,14601.4623,-0.13
129,Search Engine Ads,Europe,Education,32188.04,792215,3362,276,73066.8508,1.27
130,Search Engine Ads,Oceania,Education,8300.99,442680,17822,368,8300.99,0
131,Search Engine Ads,Africa,Tech,35075.37,183423,5096,1350,38232.1533,0.09
132,Influencer Marketing,Europe,Automotive,37550.34,103330,11926,1357,60456.0474,1.166401736
133,Social Media Ads,Africa,Finance,49116.49,235391,2927,1954,100688.8045,1.05
134,Influencer Marketing,Oceania,Healthcare,11282.26,223606,14311,1941,11733.5504,0.063593139
135,Radio Ads,Asia,Tech,41431.4,417085,5332,1699,64218.67,0.55
136,Influencer Marketing,Asia,Education,26494.53,201387,2317,1903,42921.1386,0.946898686
137,Social Media Ads,Asia,Healthcare,19299.67,251133,14332,1911,22387.6172,0.16
138,Social Media Ads,Asia,Education,6996.46,496904,14126,661,6996.46,0
139,Radio Ads,North America,Healthcare,37039.77,424170,19445,1972,82228.2894,1.22
140,Social Media Ads,Asia,Finance,12557.02,696915,19710,1596,20719.083,0.65
141,Content Marketing,Oceania,Tech,19199.68,335497,13978,1662,15743.7376,-0.18
142,Social Media Ads,South America,Healthcare,4064.57,485406,6937,1454,8820.1169,1.17
143,Search Engine Ads,South America,Automotive,40266.98,448242,7131,55,99459.4406,1.47
144,Content Marketing,North America,Retail,38562.84,372916,14906,1854,70569.9972,0.83
145,Content Marketing,Asia,Automotive,36947.18,188048,3816,609,61332.3188,0.66
146,Radio Ads,Asia,Automotive,15672.73,363646,3514,729,35890.5517,1.29
147,TV Commercials,Asia,Retail,9500.52,386087,17932,1922,22991.2584,0.970346289
148,TV Commercials,Africa,Automotive,32240.11,381994,670,1302,67059.4288,0.858730151
149,Social Media Ads,Europe,Healthcare,25312.15,579383,19388,610,39486.954,0.56
150,Content Marketing,Africa,Healthcare,9734.37,155342,13388,390,17619.2097,0.81
151,TV Commercials,Europe,Healthcare,34609.65,696268,18989,127,68873.2035,0.643510073
152,TV Commercials,Asia,Retail,49565.2,811955,1017,1599,56008.676,0.069984662
153,Social Media Ads,Asia,Automotive,37613.76,72433,10166,1986,58677.4656,0.56
154,TV Commercials,Africa,Retail,37259.33,974572,7082,125,82343.1193,0.713854359
155,Influencer Marketing,Africa,Healthcare,47565.32,554279,6436,1663,90849.7612,1.753089613
156,Email Marketing,Europe,Automotive,10943.88,282919,18162,269,16415.82,0.5
157,Radio Ads,South America,Automotive,28711.95,481017,17099,1108,55414.0635,0.93
158,Email Marketing,Europe,Education,49002.69,357139,10041,1513,49002.69,0
159,Social Media Ads,Africa,Education,9099.41,988754,12480,314,13467.1268,0.48
160,Search Engine Ads,Oceania,Finance,35312.35,157745,19989,16,75921.5525,1.15
161,Radio Ads,Africa,Tech,29704.7,657096,11767,375,34754.499,0.17
162,Social Media Ads,Oceania,Education,29737.48,692416,4629,1667,33305.9776,0.12
163,Content Marketing,North America,Retail,35185.86,147686,17619,532,85149.7812,1.42
164,Search Engine Ads,Africa,Education,46551.23,17415,12292,1381,53999.4268,0.16
165,Email Marketing,North America,Finance,39346.52,780326,8666,1471,48789.6848,0.24
166,Social Media Ads,South America,Automotive,3750.67,447100,7326,1248,9189.1415,1.45
167,Content Marketing,Europe,Finance,42783.67,944468,5262,438,87706.5235,1.05
168,Radio Ads,Oceania,Automotive,12051.53,965230,16690,800,23982.5447,0.99
169,Radio Ads,Europe,Automotive,19468.79,788493,1419,1531,43804.7775,1.25
170,Billboards,North America,Tech,23624.91,309188,1241,1573,23624.91,0
171,Content Marketing,Oceania,Education,24564.39,722509,4727,756,49128.78,1
172,Influencer Marketing,Europe,Retail,22323.84,178616,14601,376,37057.5744,1.157478001
173,TV Commercials,Africa,Retail,46930.31,59976,2790,322,103715.9851,0.830779027
174,Search Engine Ads,Asia,Healthcare,35594.93,435468,7423,547,59087.5838,0.66
175,Content Marketing,North America,Automotive,31927.36,275976,3355,930,59065.616,0.85
176,Billboards,Europe,Retail,3442.26,231883,5313,1087,5542.0386,0.61
177,TV Commercials,North America,Tech,45291.75,221509,4208,1574,72919.7175,0.436279218
178,TV Commercials,North America,Automotive,45560.12,506965,19504,1500,96131.8532,0.776225009
179,Social Media Ads,Oceania,Tech,39230.44,830580,18341,874,73360.9228,0.87
180,TV Commercials,Oceania,Retail,1344.43,988744,19273,1197,2527.5284,0.445042189
181,Influencer Marketing,Asia,Retail,3806.73,773529,9902,791,5976.5661,1.064611341
182,Radio Ads,Africa,Healthcare,12035.96,528823,11513,343,20461.132,0.7
183,Billboards,North America,Retail,7436.12,229526,15095,1580,15392.7684,1.07
184,TV Commercials,Europe,Automotive,20542.97,908662,12683,807,45194.534,0.756705381
185,Social Media Ads,South America,Automotive,46208.53,357220,5121,357,91492.8894,0.98
186,Influencer Marketing,North America,Automotive,24130.96,980963,18871,282,57190.3752,2.65288871
187,Email Marketing,North America,Healthcare,1656.73,834834,6682,972,3628.2387,1.19
188,Radio Ads,Asia,Healthcare,14854.54,723087,13555,729,26143.9904,0.76
189,Radio Ads,Africa,Retail,3185.15,48578,13217,1783,6179.191,0.94
190,Billboards,South America,Finance,2778.09,624741,19050,1447,6584.0733,1.37
191,Radio Ads,Oceania,Finance,14510.27,425534,17459,509,26843.9995,0.85
192,TV Commercials,Oceania,Healthcare,14505,872147,1362,1126,31911,0.953612182
193,Social Media Ads,Europe,Retail,39569.2,218859,7482,694,77951.324,0.97
194,Radio Ads,South America,Finance,48766.9,121435,3427,88,84854.406,0.74
195,Radio Ads,Oceania,Retail,19189.15,750389,18743,631,23218.8715,0.21
196,Email Marketing,Europe,Retail,22015.46,161538,10120,1250,33463.4992,0.52
197,Email Marketing,Africa,Retail,42394.68,892174,17741,956,103866.966,1.45
198,Search Engine Ads,Europe,Education,14138.81,55475,16948,367,27146.5152,0.92
199,Influencer Marketing,Oceania,Automotive,8662.71,856574,14162,627,15246.3696,1.248267036
200,TV Commercials,Asia,Retail,42801.39,750520,19778,516,102295.3221,1.003134
201,Radio Ads,Asia,Education,3278.53,167636,6874,1592,5901.354,0.8
202,Content Marketing,Asia,Healthcare,31365.27,163484,15260,1214,53007.3063,0.69
203,Radio Ads,Oceania,Finance,28537.65,103526,1330,585,59643.6885,1.09
204,Social Media Ads,Asia,Automotive,17950.1,61001,9176,1279,36079.701,1.01
205,Search Engine Ads,South America,Finance,16444.29,854081,3905,253,18582.0477,0.13
206,Influencer Marketing,Africa,Automotive,38821.03,202029,14815,515,62113.648,0.922536873
207,Content Marketing,Europe,Finance,5234.81,438733,5850,431,8375.696,0.6
208,Search Engine Ads,Europe,Automotive,12602.43,678516,15727,1353,18147.4992,0.44
209,Billboards,Oceania,Finance,36889.99,950568,13332,1120,61975.1832,0.68
210,Influencer Marketing,Asia,Finance,27867.71,559999,3235,226,41801.565,0.984165326
211,Radio Ads,Asia,Finance,7271.42,564394,7053,1523,8289.4188,0.14
212,Radio Ads,North America,Finance,44224.65,861890,1646,1552,66336.975,0.5
213,Influencer Marketing,Africa,Healthcare,20278.94,944093,15557,1311,18656.6248,-0.139314191
214,Radio Ads,South America,Retail,41565.55,492488,17578,1882,73986.679,0.78
215,TV Commercials,Europe,Tech,39597.94,402573,2511,1755,89095.365,0.847801147
216,Influencer Marketing,North America,Education,31596.85,227583,19101,1018,64141.6055,1.790679836
217,Search Engine Ads,North America,Tech,25229.58,373898,14213,1202,35573.7078,0.41
218,Influencer Marketing,Oceania,Tech,48997.99,148286,4245,339,46548.0905,-0.093897159
219,Content Marketing,Europe,Automotive,8103.29,237189,2875,659,9237.7506,0.14
220,Radio Ads,Oceania,Retail,36532.63,136479,13293,1474,63201.4499,0.73
221,TV Commercials,South America,Automotive,10368.34,430343,12951,400,11923.591,0.112427608
222,TV Commercials,North America,Retail,17574.89,146213,13170,1529,30228.8108,0.460051078
223,Billboards,North America,Retail,16126.24,563172,19639,390,19190.2256,0.19
224,Search Engine Ads,Africa,Finance,47404.76,274852,4070,1339,106186.6624,1.24
225,Email Marketing,South America,Healthcare,48400.45,814807,14219,751,71632.666,0.48
226,Email Marketing,North America,Finance,9967.76,549376,4431,829,12160.6672,0.22
227,Influencer Marketing,South America,Healthcare,2079.72,329759,10395,682,4533.7896,2.141035155
228,Billboards,Europe,Automotive,36280.39,382282,2042,522,50066.9382,0.38
229,Social Media Ads,Asia,Healthcare,21481.51,710406,16675,1781,21266.6949,-0.01
230,Influencer Marketing,North America,Automotive,5353.17,282158,13504,958,9475.1109,1.292160658
231,Billboards,Africa,Tech,34503.95,729785,961,1221,61762.0705,0.79
232,Search Engine Ads,Europe,Tech,27710.17,406489,9375,939,55697.4417,1.01
233,Search Engine Ads,South America,Healthcare,49045.32,712495,17133,1549,59344.8372,0.21
234,Search Engine Ads,Oceania,Healthcare,12143.07,374986,4234,922,18821.7585,0.55
235,Search Engine Ads,Europe,Automotive,20794.92,958385,11903,653,26617.4976,0.28
236,Search Engine Ads,North America,Finance,27584.74,500238,15508,436,25929.6556,-0.06
237,Billboards,South America,Automotive,39793.3,88077,17520,511,91126.657,1.29
238,Billboards,Asia,Finance,27893.09,149784,16451,739,56901.9036,1.04
239,TV Commercials,Europe,Tech,31032.11,215776,4231,1293,40652.0641,0.190531011
240,Content Marketing,North America,Retail,12081.21,325018,18632,1546,21987.8022,0.82
241,Email Marketing,Africa,Healthcare,42499.02,79087,12157,80,48448.8828,0.14
242,Radio Ads,Oceania,Finance,22002.9,808729,11449,487,50826.699,1.31
243,Search Engine Ads,South America,Automotive,7907.02,774629,11586,1211,7907.02,0
244,Social Media Ads,Europe,Tech,33545.21,823560,5557,466,27171.6201,-0.19
245,Radio Ads,Europe,Finance,11588.43,602656,6179,198,19120.9095,0.65
246,Billboards,Asia,Automotive,5780.56,753859,12553,300,10347.2024,0.79
247,Social Media Ads,Asia,Healthcare,43237.36,351102,18914,1553,76962.5008,0.78
248,Social Media Ads,Africa,Healthcare,23547.95,305064,18363,1798,20957.6755,-0.11
249,Social Media Ads,Oceania,Education,37714.9,261514,12258,929,50160.817,0.33
250,TV Commercials,Africa,Retail,15238.79,938660,15835,301,25144.0035,0.418526894
251,Billboards,North America,Education,39561.54,152180,15930,1979,46287.0018,0.17
252,Social Media Ads,North America,Tech,6484.86,959349,15225,765,14785.4808,1.28
253,Search Engine Ads,Africa,Finance,18442.7,930304,12005,1668,17520.565,-0.05
254,Influencer Marketing,Oceania,Tech,48925.03,794192,12398,1844,79747.7989,1.216490672
255,Social Media Ads,Africa,Automotive,39905.5,445928,2111,1316,79012.89,0.98
256,TV Commercials,Oceania,Healthcare,25365.54,930114,3473,1577,31453.2696,0.121776237
257,Radio Ads,Oceania,Education,17649.1,611891,10435,1879,32827.326,0.86
258,Billboards,South America,Education,43734.65,43872,10792,386,96653.5765,1.21
259,Content Marketing,Oceania,Education,27697.54,282872,14627,1691,31021.2448,0.12
260,TV Commercials,Asia,Tech,38162.83,367246,12873,1189,90064.2788,1.086365409
261,Social Media Ads,Oceania,Healthcare,37951.28,498535,1389,517,66035.2272,0.74
262,Billboards,Oceania,Finance,1879.34,394193,1547,1446,2461.9354,0.31
263,Influencer Marketing,Oceania,Automotive,7186.44,817015,19683,537,10995.2532,0.995655117
264,Social Media Ads,North America,Finance,33321.84,95774,19667,1388,44318.0472,0.33
265,TV Commercials,Asia,Tech,8919.37,934767,14239,568,18106.3211,0.578900482
266,Email Marketing,Asia,Automotive,13519.17,398518,13857,1796,29066.2155,1.15
267,Search Engine Ads,Africa,Education,47385.26,208522,5562,1220,105195.2772,1.22
268,Content Marketing,South America,Retail,28448.93,230357,19700,1064,70553.3464,1.48
269,Radio Ads,Oceania,Tech,37785.75,422672,19620,269,81239.3625,1.15
270,TV Commercials,Europe,Tech,28341.06,887550,19802,430,51580.7292,0.4836666
271,Billboards,South America,Healthcare,28073.17,75942,19266,1562,38740.9746,0.38
272,Content Marketing,South America,Finance,5613.44,547977,7757,1584,9711.2512,0.73
273,Content Marketing,Asia,Tech,17839.5,960438,5020,313,15520.365,-0.13
274,Content Marketing,South America,Tech,14839.11,567564,10445,951,30716.9577,1.07
275,Social Media Ads,Oceania,Education,20145.69,519565,8517,1977,31427.2764,0.56
276,Search Engine Ads,Oceania,Education,40118.87,532552,17260,1072,33298.6621,-0.17
277,Social Media Ads,North America,Automotive,19224.7,636256,5308,1522,17494.477,-0.09
278,Billboards,Oceania,Retail,23133.14,423089,787,1677,33774.3844,0.46
279,Social Media Ads,Oceania,Healthcare,20471.69,809482,17013,551,36644.3251,0.79
280,Email Marketing,Asia,Retail,5576.99,600504,13323,1703,8867.4141,0.59
281,Search Engine Ads,Oceania,Automotive,22612.54,749804,8180,1311,41833.199,0.85
282,Search Engine Ads,North America,Education,10584.85,356184,18637,1236,17147.457,0.62
283,Billboards,Europe,Finance,10149.44,555932,9586,1099,19486.9248,0.92
284,Radio Ads,Asia,Education,5607.77,72021,6194,117,6561.0909,0.17
285,Email Marketing,Europe,Healthcare,18476.88,702485,7792,277,18292.1112,-0.01
286,TV Commercials,Asia,Education,38116.61,470115,11188,231,68991.0641,0.438850468
287,Social Media Ads,Africa,Healthcare,14545.64,52291,3203,1837,23563.9368,0.62
288,Influencer Marketing,South America,Healthcare,16305.11,438276,2540,1563,13859.3435,-0.29030036
289,Social Media Ads,Africa,Healthcare,32491.06,404754,7224,1123,47112.037,0.45
290,Content Marketing,Oceania,Automotive,10596.2,963680,17328,702,10384.276,-0.02
291,Social Media Ads,Europe,Healthcare,44950.94,313664,14131,264,76416.598,0.7
292,TV Commercials,Oceania,Healthcare,26489.34,35675,14636,1488,38939.3298,0.283147186
293,Social Media Ads,South America,Finance,22932.54,683647,546,262,42195.8736,0.84
294,Email Marketing,Asia,Retail,28333.19,272318,4015,266,61483.0223,1.17
295,Email Marketing,South America,Tech,9135.68,102268,15887,392,11967.7408,0.31
296,Search Engine Ads,North America,Retail,31060.18,307142,19593,451,75786.8392,1.44
297,Billboards,South America,Healthcare,18791.94,718672,17718,1891,32134.2174,0.71
298,Radio Ads,North America,Finance,44962.13,939616,6687,608,83179.9405,0.85
299,Influencer Marketing,South America,Education,9273.86,639698,326,1123,18176.7656,1.58040721
300,Content Marketing,North America,Finance,25845.5,347369,11251,1782,49881.815,0.93
301,Social Media Ads,Europe,Healthcare,30307.52,841246,5658,399,50613.5584,0.67
302,Social Media Ads,Oceania,Finance,2635.8,357235,12071,591,4032.774,0.53
303,TV Commercials,Oceania,Finance,18820.96,322863,286,1077,16750.6544,-0.086842644
304,Billboards,Africa,Healthcare,36899.13,139887,14780,1745,30995.2692,-0.16
305,Email Marketing,Oceania,Automotive,41198.5,306063,14659,1697,58089.885,0.41
306,Influencer Marketing,Asia,Finance,16344.94,345299,11169,607,22392.5678,0.68840771
307,Search Engine Ads,South America,Tech,40131.07,343713,2635,28,58591.3622,0.46
308,Email Marketing,Africa,Tech,48420.04,837760,2032,1134,50356.8416,0.04
309,Content Marketing,Asia,Finance,42986.82,211554,2132,1947,88122.981,1.05
310,Billboards,Asia,Automotive,6764.56,821050,1352,616,15287.9056,1.26
311,Content Marketing,North America,Education,37246.79,568963,5609,1799,89392.296,1.4
312,Radio Ads,Oceania,Healthcare,16663.67,505010,5174,1390,27328.4188,0.64
313,Search Engine Ads,Europe,Tech,49432.38,815351,14000,1575,98370.4362,0.99
314,Radio Ads,Europe,Education,24782.59,800605,14623,1794,55760.8275,1.25
315,TV Commercials,Africa,Finance,6999.26,381513,1981,1971,10568.8826,0.400857405
316,Content Marketing,Europe,Education,36534.09,822832,369,42,48590.3397,0.33
317,TV Commercials,South America,Retail,16827.55,191517,1730,1262,40217.8445,0.99261551
318,Social Media Ads,Europe,Tech,49856.83,80305,18058,1557,83759.4744,0.68
319,Radio Ads,Africa,Finance,49009.34,702924,13483,1663,80865.411,0.65
320,Billboards,Europe,Healthcare,33150.57,449030,16252,871,36465.627,0.1
321,Content Marketing,South America,Automotive,7361.5,482963,11184,164,7214.27,-0.02
322,Influencer Marketing,North America,Finance,34656.19,623079,1795,1456,77283.3037,2.279041816
323,Search Engine Ads,Africa,Healthcare,5558.49,169034,19742,914,10227.6216,0.84
324,Email Marketing,North America,Automotive,2438.84,488108,14921,1279,3292.434,0.35
325,Billboards,North America,Automotive,41324.96,604821,3362,414,46697.2048,0.13
326,Billboards,North America,Finance,11277.89,197256,1545,853,19623.5286,0.74
327,TV Commercials,Asia,Education,19572.33,486128,16536,1792,35034.4707,0.445489371
328,Radio Ads,Oceania,Education,48699.41,900023,10049,1574,56004.3215,0.15
329,Content Marketing,Asia,Automotive,17505.18,675938,18150,1194,39386.655,1.25
330,Content Marketing,Oceania,Education,15528,665348,7001,756,14596.32,-0.06
331,Social Media Ads,North America,Retail,45992.19,683984,19269,1735,64848.9879,0.41
332,Social Media Ads,Africa,Automotive,6426.67,835626,819,1150,12596.2732,0.96
333,Search Engine Ads,Oceania,Automotive,38219.54,382047,8697,280,48538.8158,0.27
334,TV Commercials,South America,Healthcare,49415.21,403605,6955,779,109207.6141,0.616377389
335,Billboards,South America,Education,45163.5,371447,18778,1725,93036.81,1.06
336,Content Marketing,Europe,Automotive,32931.73,252188,8363,1520,70473.9022,1.14
337,Influencer Marketing,Oceania,Retail,16388.98,386047,14620,1918,16388.98,0
338,TV Commercials,Africa,Healthcare,13461.78,863823,11974,181,14000.2512,0.022478413
339,Search Engine Ads,Asia,Finance,41143.5,247501,14179,1983,53075.115,0.29
340,Search Engine Ads,North America,Automotive,44111.27,941298,17182,283,74106.9336,0.68
341,TV Commercials,Europe,Retail,26746.31,330146,7343,268,55364.8617,0.702203179
342,Search Engine Ads,South America,Tech,12972.66,307675,9118,1168,28799.3052,1.22
343,TV Commercials,Asia,Retail,6534.22,718175,16832,1716,13068.44,0.744504595
344,Email Marketing,Asia,Retail,5271.79,539274,12200,1755,12546.8602,1.38
345,TV Commercials,North America,Healthcare,36234.79,828730,16791,1781,74643.6674,0.624412824
346,Radio Ads,Oceania,Finance,21585.82,273625,19900,431,28493.2824,0.32
347,TV Commercials,South America,Tech,45362.63,852840,4920,1454,56703.2875,0.19723206
348,Search Engine Ads,Africa,Education,37243.89,210339,11101,1219,73742.9022,0.98
349,Content Marketing,Asia,Education,10371.76,656238,14007,1962,11720.0888,0.13
350,Radio Ads,North America,Retail,31075.09,944339,11769,373,29832.0864,-0.04
351,Search Engine Ads,Africa,Healthcare,22339.77,135355,16016,1988,37977.609,0.7
352,Social Media Ads,Oceania,Healthcare,29285.24,37798,10978,1640,64427.528,1.2
353,Social Media Ads,South America,Education,37165.39,625937,3085,387,36050.4283,-0.03
354,Content Marketing,Oceania,Tech,40503.6,337031,8212,1556,87082.74,1.15
355,Content Marketing,Asia,Finance,42343.13,29477,8567,589,92308.0234,1.18
356,Radio Ads,Africa,Tech,13444.77,420482,19031,900,21780.5274,0.62
357,Email Marketing,Africa,Automotive,2524.66,227400,436,731,2272.194,-0.1
358,Content Marketing,Africa,Automotive,37225.44,227060,10265,1229,40947.984,0.1
359,Social Media Ads,Asia,Finance,6210.84,399959,19463,890,12421.68,1
360,TV Commercials,Asia,Education,16431.06,971030,12868,1131,33026.4306,0.601977188
361,Search Engine Ads,Oceania,Finance,1187.04,521181,4068,614,2765.8032,1.33
362,Social Media Ads,Europe,Healthcare,34401.8,517831,1010,31,61579.222,0.79
363,Social Media Ads,Oceania,Automotive,9189.47,923858,18480,1483,9281.3647,0.01
364,Email Marketing,South America,Retail,33108.84,415105,15732,1205,33439.9284,0.01
365,Radio Ads,North America,Retail,49595.39,296479,16379,392,100678.6417,1.03
366,Radio Ads,Africa,Education,4560.87,938758,3229,143,5062.5657,0.11
367,Billboards,Europe,Healthcare,4776.82,358754,5547,1459,6496.4752,0.36
368,Email Marketing,North America,Tech,17678.62,283586,6229,1058,28816.1506,0.63
369,TV Commercials,Europe,Healthcare,43452.94,842721,5950,512,36500.4696,-0.101756838
370,Radio Ads,Oceania,Retail,11560.96,850179,7546,1218,14104.3712,0.22
371,Search Engine Ads,Asia,Retail,18658.51,833759,12049,1118,27801.1799,0.49
372,Content Marketing,Africa,Automotive,4356.76,943703,8619,1600,5576.6528,0.28
373,Email Marketing,Oceania,Healthcare,38394.61,344971,414,1796,39546.4483,0.03
374,Content Marketing,North America,Healthcare,21007.01,640752,11837,153,42854.3004,1.04
375,Social Media Ads,North America,Retail,38203.19,141184,1234,1896,83282.9542,1.18
376,Search Engine Ads,North America,Tech,45276.78,97051,11038,1943,56143.2072,0.24
377,Search Engine Ads,North America,Education,12405.39,160653,15688,1712,26299.4268,1.12
378,Social Media Ads,North America,Education,40562.41,255300,8447,1445,59221.1186,0.46
379,Email Marketing,Europe,Healthcare,3895.6,594010,5692,233,6466.696,0.66
380,Social Media Ads,Oceania,Education,45043.52,102036,18208,229,101798.3552,1.26
381,Content Marketing,Africa,Retail,32887.66,762922,19827,188,68077.4562,1.07
382,Billboards,Asia,Retail,43837.11,157595,17370,1664,95126.5287,1.17
383,Search Engine Ads,Asia,Healthcare,1009.23,863392,11097,442,1039.5069,0.03
384,Influencer Marketing,Oceania,Healthcare,9284.97,782997,821,274,8542.1724,-0.138404687
385,Influencer Marketing,Oceania,Automotive,20098.21,291696,9204,963,46627.8472,1.990014971
386,Content Marketing,Asia,Healthcare,19595.64,526612,19841,438,28609.6344,0.46
387,TV Commercials,Asia,Tech,12109.79,151880,970,1695,15621.6291,0.208167335
388,Radio Ads,Europe,Education,19698.99,245419,6851,425,39988.9497,1.03
389,Social Media Ads,South America,Healthcare,7313.59,164692,16981,1486,16236.1698,1.22
390,Social Media Ads,Africa,Finance,21225.3,273031,1856,736,48181.431,1.27
391,TV Commercials,North America,Automotive,40315.36,303946,1217,206,54022.5824,0.223831731
392,TV Commercials,South America,Finance,24474.43,619312,11701,1587,55067.4675,0.834040363
393,Content Marketing,Oceania,Retail,1882,498765,2928,1086,1637.34,-0.13
394,Content Marketing,Asia,Education,21650.76,780097,15096,489,19052.6688,-0.12
395,TV Commercials,South America,Healthcare,2331.58,652927,18131,1476,4336.7388,0.457416603
396,Search Engine Ads,Africa,Finance,48345.93,914680,13978,1363,43994.7963,-0.09
397,Content Marketing,Oceania,Education,7245.24,616226,7092,1284,9781.074,0.35
398,Billboards,North America,Retail,35676.73,227813,13878,1840,69212.8562,0.94
399,Content Marketing,North America,Tech,48666.04,786388,6871,899,66672.4748,0.37
400,Social Media Ads,Africa,Automotive,41475.91,394890,16626,1816,46038.2601,0.11
401,Content Marketing,Africa,Education,35266.45,822481,19245,934,45141.056,0.28
402,Search Engine Ads,Asia,Education,42133.58,349933,3535,132,66571.0564,0.58
403,TV Commercials,North America,Tech,49108.14,618814,6722,1912,79064.1054,0.320007966
404,Social Media Ads,Oceania,Education,31445.88,411062,12952,1420,66979.7244,1.13
405,Content Marketing,South America,Retail,28400.06,493779,14906,1372,59072.1248,1.08
406,Search Engine Ads,Oceania,Retail,31783.67,507952,10723,787,50218.1986,0.58
407,Billboards,Europe,Tech,27101.12,580508,1948,357,60706.5088,1.24
408,Content Marketing,Europe,Automotive,32119.37,842595,2796,38,31798.1763,-0.01
409,Search Engine Ads,Africa,Healthcare,23042.27,406981,1817,984,28341.9921,0.23
410,Billboards,Asia,Finance,11703.72,389270,19556,44,25865.2212,1.21
411,TV Commercials,Europe,Healthcare,6892.11,877918,9359,1551,9924.6384,0.316493366
412,Content Marketing,North America,Education,4348.71,972774,2886,1429,10741.3137,1.47
413,Billboards,Oceania,Finance,13902.47,85277,14254,632,22104.9273,0.59
414,Social Media Ads,Oceania,Tech,3260.05,529570,13509,1327,7009.1075,1.15
415,TV Commercials,Africa,Tech,28791.37,493455,3891,598,42611.2276,0.310456214
416,Social Media Ads,South America,Automotive,14907.59,900677,3971,1382,22659.5368,0.52
417,Influencer Marketing,Africa,Finance,41402.21,132332,1906,1180,60033.2045,0.776770658
418,Email Marketing,South America,Retail,4637.8,244231,17988,1100,9368.356,1.02
419,Content Marketing,Africa,Finance,12091.22,557219,19792,913,20917.8106,0.73
420,Billboards,Africa,Education,36782.06,99116,13404,529,88276.944,1.4
421,Email Marketing,Africa,Retail,30341.61,261671,18174,131,37320.1803,0.23
422,Email Marketing,South America,Tech,4160.07,852065,15649,349,4035.2679,-0.03
423,Billboards,South America,Finance,43984.73,483918,3403,184,64657.5531,0.47
424,TV Commercials,Africa,Healthcare,43985.83,586201,19597,1933,81373.7855,0.471808849
425,Content Marketing,Europe,Automotive,17189.99,784504,16161,1724,38849.3774,1.26
426,Influencer Marketing,Asia,Healthcare,17679.89,629064,15298,606,24575.0471,0.779655635
427,Social Media Ads,Asia,Automotive,49462.39,35991,17988,460,94473.1649,0.91
428,Search Engine Ads,Asia,Education,31682.63,524265,10755,566,44355.682,0.4
429,Social Media Ads,South America,Healthcare,27034.51,720205,9024,1169,50013.8435,0.85
430,Search Engine Ads,South America,Finance,42069.46,638380,10040,1888,96759.758,1.3
431,Social Media Ads,Europe,Finance,14979.23,239577,4024,1049,17825.2837,0.19
432,Billboards,Asia,Healthcare,22029.95,720672,9883,1366,32824.6255,0.49
433,Influencer Marketing,Asia,Finance,14121.06,413777,4585,1228,35161.4394,2.957233895
434,Content Marketing,Africa,Education,39668.88,944405,12729,1529,90445.0464,1.28
435,Search Engine Ads,South America,Retail,29094.12,771401,13333,18,51205.6512,0.76
436,Content Marketing,Asia,Education,33282.43,105556,13001,1861,55914.4824,0.68
437,Content Marketing,Oceania,Automotive,13363.06,859307,291,343,17104.7168,0.28
438,Content Marketing,Europe,Education,11791.04,166989,5017,1366,19808.9472,0.68
439,Radio Ads,Oceania,Automotive,24930.36,334264,5931,1026,55844.0064,1.24
440,TV Commercials,Oceania,Finance,37140.72,405204,10260,336,72795.8112,0.622140574
441,Social Media Ads,Europe,Retail,26736.75,516961,13782,24,34490.4075,0.29
442,Content Marketing,Oceania,Finance,2599.64,906473,12491,848,2963.5896,0.14
443,Social Media Ads,Asia,Tech,43559.02,662755,1974,1647,54448.775,0.25
444,Content Marketing,South America,Finance,4169.66,530616,9162,235,4544.9294,0.09
445,Search Engine Ads,Europe,Automotive,47835.4,417472,4863,1458,45921.984,-0.04
446,TV Commercials,Africa,Finance,2231.96,390634,10334,1823,3370.2596,0.271841285
447,TV Commercials,Oceania,Finance,35028.07,753088,9321,1441,34677.7893,-0.006150164
448,Billboards,Europe,Retail,5028.15,660443,11510,122,5480.6835,0.09
449,Radio Ads,North America,Finance,45623.15,300374,14619,1461,78928.0495,0.73
450,Billboards,North America,Retail,23757.23,508682,1151,10,25657.8084,0.08
451,Billboards,South America,Healthcare,7738.66,69778,12325,275,7042.1806,-0.09
452,Billboards,Asia,Tech,17699.97,55833,9865,1524,23717.9598,0.34
453,Billboards,South America,Retail,9076.41,819057,11482,1241,10619.3997,0.17
454,Billboards,South America,Automotive,9358.51,566376,12680,1655,15722.2968,0.68
455,Influencer Marketing,South America,Healthcare,47457.31,745010,12089,1745,46033.5907,-0.058673868
456,TV Commercials,South America,Retail,22817.06,968671,12039,961,47459.4848,0.825170133
457,Billboards,Africa,Retail,39651.31,376081,18589,1402,92784.0654,1.34
458,Content Marketing,Africa,Tech,32340.67,474507,407,315,66621.7802,1.06
459,TV Commercials,Europe,Automotive,34144.89,206375,3459,21,58387.7619,0.487178608
460,TV Commercials,North America,Education,7452.98,86361,3276,1378,16843.7348,0.871296325
461,Email Marketing,South America,Education,12475.04,360373,1351,1498,24700.5792,0.98
462,Influencer Marketing,Europe,Retail,39550.77,145189,5466,1733,32431.6314,-0.3585707
463,Billboards,North America,Finance,48567.54,624553,18001,1699,71394.2838,0.47
464,Social Media Ads,Oceania,Automotive,13871.11,532154,6326,1527,31209.9975,1.25
465,Search Engine Ads,Asia,Healthcare,14306.87,632006,14430,1401,19886.5493,0.39
466,Radio Ads,Africa,Finance,24171.96,332854,4991,1879,20787.8856,-0.14
467,Content Marketing,Oceania,Finance,49208.18,629164,5092,946,101860.9326,1.07
468,Social Media Ads,North America,Automotive,14178.99,994558,2061,429,30626.6184,1.16
469,Influencer Marketing,Oceania,Retail,20941.62,40949,12597,898,22407.5334,0.126838583
470,Search Engine Ads,Asia,Retail,44682.52,950051,19347,1824,76407.1092,0.71
471,Influencer Marketing,North America,Retail,1143.13,747242,10948,180,1291.7369,0.252928052
472,Content Marketing,Oceania,Retail,2948.53,864568,13355,143,5956.0306,1.02
473,TV Commercials,Africa,Education,30599.51,121541,4667,974,38555.3826,0.207499097
474,Search Engine Ads,Africa,Retail,45461.63,729979,16179,1460,60918.5842,0.34
475,TV Commercials,Europe,Education,12703.98,71842,6613,1058,28456.9152,0.870223696
476,Content Marketing,Oceania,Education,24012.45,498019,15335,1563,38660.0445,0.61
477,Social Media Ads,South America,Retail,23072.8,242930,11855,1223,44761.232,0.94
478,Content Marketing,Oceania,Tech,24175.6,299134,11251,1174,35779.888,0.48
479,Social Media Ads,North America,Healthcare,31503.47,681553,16667,1588,41269.5457,0.31
480,Search Engine Ads,North America,Finance,24017.44,302253,3458,1879,44672.4384,0.86
481,Search Engine Ads,Oceania,Education,22925.94,140356,9690,1829,24301.4964,0.06
482,Billboards,Asia,Automotive,24240.13,946737,11088,667,34663.3859,0.43
483,Influencer Marketing,Africa,Automotive,29952.5,778917,7778,1348,34744.9,0.263017475
484,Billboards,North America,Healthcare,27313.37,747090,5798,1477,54080.4726,0.98
485,Influencer Marketing,Africa,Automotive,42852.66,924565,1373,1352,103274.9106,2.164421544
486,Billboards,North America,Tech,3425.35,699870,11341,1474,8529.1215,1.49
487,TV Commercials,Europe,Automotive,41832.54,797738,17580,1125,65677.0878,0.409816922
488,Search Engine Ads,South America,Finance,42352.31,13849,9597,188,52093.3413,0.23
489,Social Media Ads,North America,Finance,14960.49,22360,9207,1089,23188.7595,0.55
490,Influencer Marketing,Africa,Education,23679.75,383216,11373,1188,53042.64,2.246999085
491,Content Marketing,Europe,Retail,22488.39,787567,8102,1705,25861.6485,0.15
492,Influencer Marketing,North America,Tech,11706.98,629055,4347,120,28330.8916,2.666925849
493,Social Media Ads,Asia,Education,20443.05,271445,9320,146,28211.409,0.38
494,Billboards,South America,Tech,3175,711160,19838,241,7874,1.48
495,Influencer Marketing,North America,Retail,14613.28,531658,10803,1001,32587.6144,2.347978158
496,Radio Ads,Europe,Automotive,41017.43,440179,15572,477,89007.8231,1.17
497,TV Commercials,Asia,Automotive,14943.55,64330,16754,741,20024.357,0.207677899
498,Search Engine Ads,Oceania,Retail,41092.13,61707,17670,490,33284.6253,-0.19
499,Social Media Ads,Europe,Education,27048.37,290833,12492,1101,39220.1365,0.45
500,Search Engine Ads,Europe,Retail,44113.27,563372,12056,823,57788.3837,0.31
501,Radio Ads,Asia,Healthcare,29164.2,50387,15741,1282,25081.212,-0.14
502,Influencer Marketing,Europe,Finance,2453.74,871248,14098,1003,4073.2084,1.140512844
503,Influencer Marketing,Asia,Education,34095.59,536930,6405,332,50802.4291,0.832454471
504,Content Marketing,North America,Tech,3197.82,838569,18882,931,6011.9016,0.88
505,Radio Ads,Asia,Healthcare,23079.25,483048,12821,913,42927.405,0.86
506,Social Media Ads,Asia,Education,46541.91,196633,7095,1551,47007.3291,0.01
507,Content Marketing,South America,Retail,9094.99,858692,12527,1825,22373.6754,1.46
508,TV Commercials,Asia,Retail,20103.75,680798,13882,1465,22516.2,0.074022577
509,Content Marketing,Asia,Retail,36763.16,844874,2330,1520,57350.5296,0.56
510,Email Marketing,Oceania,Retail,44230.67,899493,6611,615,72095.9921,0.63
511,Social Media Ads,North America,Tech,33876.21,406210,16612,438,73850.1378,1.18
512,Email Marketing,South America,Healthcare,13650.49,788799,9561,1302,13240.9753,-0.03
513,Radio Ads,Oceania,Automotive,34055.78,397988,4865,1742,52105.3434,0.53
514,Billboards,Africa,Finance,15539.65,371719,13372,1570,29059.1455,0.87
515,Email Marketing,North America,Tech,36203.03,798245,5652,157,42357.5451,0.17
516,TV Commercials,North America,Tech,47747.62,889459,727,1151,89288.0494,0.486941948
517,Content Marketing,Africa,Automotive,36348.28,919921,12089,859,86145.4236,1.37
518,Billboards,Asia,Automotive,43281.14,94381,13880,376,108202.85,1.5
519,Content Marketing,Oceania,Finance,1103.09,784168,6689,859,948.6574,-0.14
520,Email Marketing,Europe,Finance,36161.03,851708,2144,1099,43393.236,0.2
521,Content Marketing,South America,Automotive,41649.79,837675,13271,822,55394.2207,0.33
522,Radio Ads,Europe,Retail,2987.38,203984,18825,1403,4421.3224,0.48
523,Billboards,Africa,Tech,43708.29,70272,5984,184,52887.0309,0.21
524,Radio Ads,North America,Education,13578.02,505916,8285,1864,15614.723,0.15
525,Email Marketing,North America,Finance,33599.31,707411,349,597,81310.3302,1.42
526,Radio Ads,South America,Finance,40217.39,748096,19409,504,94913.0404,1.36
527,TV Commercials,North America,Automotive,33470.56,263091,17458,982,29454.0928,-0.078781625
528,Email Marketing,North America,Healthcare,5521.95,862050,9275,1147,7620.291,0.38
529,Email Marketing,South America,Education,30219.75,274064,16360,1144,45027.4275,0.49
530,Email Marketing,Oceania,Education,27929.6,116121,2772,1794,33794.816,0.21
531,Social Media Ads,Oceania,Finance,45115.74,480435,7379,1472,84366.4338,0.87
532,Content Marketing,South America,Retail,20807.75,611160,8762,1748,39326.6475,0.89
533,Social Media Ads,Africa,Healthcare,16732.97,877564,2087,1180,37649.1825,1.25
534,Social Media Ads,North America,Education,37742.69,274237,16574,44,77749.9414,1.06
535,TV Commercials,North America,Finance,21221.09,285049,13048,1008,36500.2748,0.551970536
536,Billboards,Africa,Education,32658.71,656047,13126,1342,62378.1361,0.91
537,Content Marketing,Oceania,Healthcare,32676.05,427567,2873,547,41498.5835,0.27
538,Radio Ads,Asia,Healthcare,44513.91,303125,13259,759,80570.1771,0.81
539,Influencer Marketing,Asia,Tech,30335.93,870335,9978,1047,49447.5659,1.191215165
540,Email Marketing,Asia,Automotive,25605.53,867253,10278,383,26373.6959,0.03
541,Radio Ads,Oceania,Automotive,7804.69,381344,10477,566,9443.6749,0.21
542,Email Marketing,Oceania,Finance,6671.14,92289,7447,1461,8672.482,0.3
543,TV Commercials,Africa,Healthcare,8561.76,650794,1108,1761,20291.3712,0.691292651
544,Email Marketing,North America,Tech,9420.58,612801,3883,242,11210.4902,0.19
545,Social Media Ads,Africa,Tech,32255.98,423090,4398,714,41610.2142,0.29
546,Content Marketing,Africa,Education,37308.08,716291,4768,572,53350.5544,0.43
547,Influencer Marketing,Oceania,Education,26969.58,410890,2152,948,52051.2894,1.646452238
548,Search Engine Ads,Asia,Tech,41621.87,322660,1816,896,41621.87,0
549,Email Marketing,Europe,Education,49571.9,269480,410,735,119963.998,1.42
550,Radio Ads,North America,Healthcare,41180.62,796331,14491,1696,93480.0074,1.27
551,Social Media Ads,Oceania,Retail,35049.24,726046,1360,1473,62387.6472,0.78
552,Search Engine Ads,Asia,Healthcare,27092.14,498067,13257,1535,52829.673,0.95
553,Influencer Marketing,Europe,Tech,22993.8,341356,11560,1308,19084.854,-0.284169778
554,Search Engine Ads,Europe,Tech,5135.23,143498,17068,1883,7086.6174,0.38
555,Social Media Ads,Oceania,Healthcare,20569.07,264024,14111,85,44223.5005,1.15
556,Content Marketing,South America,Education,45596.6,665258,2966,448,42404.838,-0.07
557,Content Marketing,North America,Education,40593.11,100009,14465,1765,51959.1808,0.28
558,Billboards,Europe,Automotive,11586.52,733858,5998,1893,20855.736,0.8
559,Content Marketing,Oceania,Tech,23863.78,433159,18495,1989,29591.0872,0.24
560,Billboards,Oceania,Finance,41019.44,731755,6351,708,98036.4616,1.39
561,Search Engine Ads,Asia,Automotive,4301.84,54816,5039,1322,4387.8768,0.02
562,TV Commercials,South America,Education,19982.24,14138,4106,924,43161.6384,0.725979557
563,Radio Ads,North America,Healthcare,42740.22,101176,1725,1573,70948.7652,0.66
564,Radio Ads,Africa,Education,20791,348089,11056,900,43245.28,1.08
565,Search Engine Ads,Asia,Healthcare,4803.12,800449,17374,701,6388.1496,0.33
566,Email Marketing,Europe,Automotive,27584.18,806883,6178,262,46065.5806,0.67
567,Email Marketing,Europe,Tech,43225.38,728316,9023,1159,97689.3588,1.26
568,Content Marketing,Asia,Education,29923.99,366007,4061,1210,47579.1441,0.59
569,Radio Ads,Oceania,Healthcare,12087.68,806710,18988,1070,17043.6288,0.41
570,Radio Ads,Europe,Tech,19827.74,231552,8906,419,33905.4354,0.71
571,Billboards,South America,Finance,23056.04,53764,18203,1644,46573.2008,1.02
572,TV Commercials,North America,Healthcare,29384.05,133030,13658,1643,45545.2775,0.27674102
573,Social Media Ads,South America,Automotive,38208.2,928638,6786,136,91699.68,1.4
574,Email Marketing,Europe,Finance,5844.81,859375,1687,1516,7598.253,0.3
575,Radio Ads,Africa,Finance,44592.95,629955,9903,1201,71794.6495,0.61
576,Billboards,North America,Retail,1603.18,326462,17380,601,3350.6462,1.09
577,Influencer Marketing,North America,Education,19132.56,899855,10450,303,37691.1432,1.90576267
578,Billboards,Asia,Healthcare,2343.6,376142,18916,1878,5319.972,1.27
579,Email Marketing,Asia,Finance,20255.74,70128,11554,1671,50436.7926,1.49
580,Email Marketing,Africa,Retail,26764.82,229128,15949,1376,40950.1746,0.53
581,Billboards,Oceania,Automotive,26072.39,818301,6937,1029,25811.6661,-0.01
582,Social Media Ads,North America,Tech,9115.79,243540,1549,319,7748.4215,-0.15
583,Search Engine Ads,Africa,Healthcare,32641.28,15039,5554,671,66588.2112,1.04
584,Email Marketing,Asia,Finance,3194.14,162353,9524,537,7314.5806,1.29
585,Billboards,Asia,Education,38333.43,122935,4217,549,45233.4474,0.18
586,Radio Ads,North America,Retail,47385.58,544730,8969,428,50702.5706,0.07
587,Billboards,South America,Finance,17648.67,870220,10950,453,16060.2897,-0.09
588,TV Commercials,Europe,Education,26344.73,916161,18512,694,57958.406,0.766334163
589,Search Engine Ads,Asia,Finance,19566.6,299730,14443,1591,26023.578,0.33
590,Influencer Marketing,Oceania,Healthcare,1328.81,63053,6945,849,1966.6388,0.739116943
591,Social Media Ads,Oceania,Healthcare,19907.85,191561,4724,245,32847.9525,0.65
592,Content Marketing,Asia,Healthcare,39794.29,748464,8948,1472,88741.2667,1.23
593,Influencer Marketing,South America,Automotive,30203.45,96346,16649,223,57688.5895,1.567765654
594,Search Engine Ads,South America,Automotive,5961.74,339231,13236,94,11029.219,0.85
595,Search Engine Ads,Africa,Retail,42509.83,415841,689,803,46760.813,0.1
596,Search Engine Ads,Oceania,Healthcare,27023.18,568685,19305,1777,45128.7106,0.67
597,Influencer Marketing,Africa,Education,42244.44,330815,6609,94,85333.7688,1.605200826
598,Radio Ads,Oceania,Finance,29430.85,126214,7793,1954,72105.5825,1.45
599,Search Engine Ads,Europe,Tech,28424.73,495001,9554,1522,32404.1922,0.14
600,Billboards,Europe,Education,6157.7,863329,16555,74,5049.314,-0.18
601,Influencer Marketing,North America,Automotive,9200.63,691509,11808,1679,8556.5859,-0.120105452
602,Content Marketing,Africa,Automotive,48629.24,987534,13042,672,70026.1056,0.44
603,Search Engine Ads,Asia,Education,12195.85,997410,16752,636,26708.9115,1.19
604,Billboards,Africa,Automotive,48895.15,408499,10068,73,39605.0715,-0.19
605,Radio Ads,Asia,Healthcare,27063.72,410826,2562,1376,42760.6776,0.58
606,TV Commercials,South America,Retail,7653.66,446542,9560,948,10408.9776,0.234959608
607,Radio Ads,Africa,Finance,5865.81,287068,1115,1908,5220.5709,-0.11
608,Content Marketing,South America,Retail,11234.34,647431,9375,928,17637.9138,0.57
609,Search Engine Ads,Europe,Finance,46356.23,382397,13369,1385,57018.1629,0.23
610,Content Marketing,Europe,Finance,21293.36,372441,506,1191,29810.704,0.4
611,Influencer Marketing,North America,Retail,20376.28,797301,7484,1622,40752.56,1.963837271
612,Email Marketing,Africa,Education,16347.11,893520,11368,500,27626.6159,0.69
613,Search Engine Ads,South America,Finance,8206.03,797446,17469,1691,8288.0903,0.01
614,Email Marketing,Asia,Retail,24904.71,544391,11895,1888,60518.4453,1.43
615,Billboards,Europe,Finance,7372.34,485738,4585,1496,13859.9992,0.88
616,TV Commercials,Europe,Tech,41938.53,906749,9001,1258,88070.913,0.868262619
617,Social Media Ads,Asia,Education,19149.45,436674,2718,1950,17808.9885,-0.07
618,Content Marketing,South America,Healthcare,19365.37,92409,9703,322,17041.5256,-0.12
619,Radio Ads,South America,Finance,24226.31,33248,7028,624,20107.8373,-0.17
620,TV Commercials,Africa,Tech,22762.26,492376,5468,928,25493.7312,0.070576601
621,Search Engine Ads,Africa,Healthcare,49748.04,708876,4721,1892,74622.06,0.5
622,Email Marketing,Oceania,Healthcare,27723.67,956565,14819,822,66259.5713,1.39
623,Radio Ads,Oceania,Finance,5321.88,689530,11226,949,8408.5704,0.58
624,Email Marketing,North America,Retail,30736.99,18024,7666,1499,39650.7171,0.29
625,Influencer Marketing,Europe,Finance,8427.63,485430,12406,1121,14832.6288,1.379558695
626,Email Marketing,Africa,Tech,2515.94,244864,15186,1916,2490.7806,-0.01
627,Influencer Marketing,South America,Healthcare,48566.37,882379,17487,1336,89362.1208,1.416886924
628,Billboards,Asia,Finance,38903.41,184875,18950,689,68859.0357,0.77
629,Radio Ads,South America,Retail,49025.34,946800,18423,444,105404.481,1.15
630,Radio Ads,Europe,Finance,24416.04,363973,18119,691,60551.7792,1.48
631,Social Media Ads,Oceania,Education,27080.62,889140,9990,1168,33309.1626,0.23
632,Search Engine Ads,South America,Retail,9248.51,883096,8195,1083,15445.0117,0.67
633,Influencer Marketing,North America,Tech,13098.46,421473,12819,1465,30781.381,2.296615656
634,Social Media Ads,Europe,Healthcare,42088.91,153927,10383,349,89649.3783,1.13
635,Email Marketing,Oceania,Finance,18453.1,95178,18379,356,30078.553,0.63
636,Email Marketing,Asia,Retail,41513.93,897553,14331,655,100048.5713,1.41
637,Social Media Ads,Oceania,Education,35741.67,526540,14798,1380,32167.503,-0.1
638,Radio Ads,North America,Retail,9681.38,816457,17557,658,23041.6844,1.38
639,Email Marketing,Europe,Automotive,25864.87,407674,5284,254,23019.7343,-0.11
640,Content Marketing,Asia,Education,34191.98,73610,2502,118,59152.1254,0.73
641,Billboards,North America,Tech,12516.82,605131,4995,1858,28913.8542,1.31
642,Billboards,Oceania,Healthcare,41703.74,641525,11504,1832,52129.675,0.25
643,Content Marketing,North America,Tech,27696.56,487177,15261,542,44314.496,0.6
644,Social Media Ads,Europe,Finance,9096.86,715191,9443,1123,12280.761,0.35
645,Content Marketing,Africa,Retail,29566.24,708787,10737,305,71550.3008,1.42
646,Influencer Marketing,North America,Automotive,49985.98,497025,2056,121,109969.156,2.164617542
647,Influencer Marketing,North America,Education,8375.55,664587,7123,1846,16834.8555,1.71834896
648,Social Media Ads,Oceania,Education,41021.09,441722,14162,1622,73837.962,0.8
649,Content Marketing,Oceania,Retail,11158.14,15668,14433,1210,24547.908,1.2
650,Influencer Marketing,Asia,Automotive,39337.03,232542,4007,352,57825.4341,0.87956535
651,Radio Ads,Oceania,Retail,36994.32,188267,907,1693,57711.1392,0.56
652,Content Marketing,South America,Finance,15723.98,869665,14131,110,32076.9192,1.04
653,Radio Ads,Europe,Tech,16965.33,165489,4927,1791,23921.1153,0.41
654,Influencer Marketing,Europe,Education,39833.55,354126,13799,638,36248.5305,-0.16092717
655,Billboards,Africa,Finance,23610.83,640421,4624,1637,21958.0719,-0.07
656,Influencer Marketing,Africa,Tech,36810.08,807183,15293,1434,36810.08,0
657,Radio Ads,Europe,Finance,8251.22,318362,16323,37,18812.7816,1.28
658,TV Commercials,Africa,Automotive,42775.33,923081,18768,946,68440.528,0.375872013
659,Search Engine Ads,Asia,Education,35833.35,803784,5413,1995,72025.0335,1.01
660,Email Marketing,Oceania,Retail,45440.2,744412,13698,1570,66797.094,0.47
661,Content Marketing,Europe,Retail,7486.25,98835,13158,67,9282.95,0.24
662,TV Commercials,Africa,Tech,30057.71,631781,17241,1531,41780.2169,0.284206009
663,Influencer Marketing,Europe,Healthcare,30356.91,825359,4987,306,65267.3565,2.277326908
664,Billboards,South America,Automotive,18319.58,706454,3954,143,34074.4188,0.86
665,Social Media Ads,North America,Tech,23464.85,111948,12558,1364,56080.9915,1.39
666,Influencer Marketing,Oceania,Healthcare,2861.1,195194,14636,258,5607.756,1.838253929
667,Billboards,Europe,Finance,37547.14,563781,3658,1030,66458.4378,0.77
668,Search Engine Ads,North America,Automotive,27916.8,476755,9872,559,51366.912,0.84
669,Influencer Marketing,Africa,Finance,3829.31,303851,17445,911,9190.344,2.189729577
670,Radio Ads,North America,Education,34357.04,734174,3675,1974,73524.0656,1.14
671,Social Media Ads,Oceania,Automotive,23872.32,148368,2518,1108,20052.7488,-0.16
672,Billboards,Europe,Healthcare,2688.6,166470,4298,1687,4597.506,0.71
673,Billboards,South America,Education,48510.78,307986,1101,843,95566.2366,0.97
674,Billboards,Africa,Retail,47506.5,23261,7219,1201,98338.455,1.07
675,Search Engine Ads,Europe,Healthcare,26132.22,86709,19329,780,30313.3752,0.16
676,Influencer Marketing,Oceania,Tech,5589.95,630273,9773,1536,12689.1865,1.913583468
677,Search Engine Ads,Africa,Retail,37976.44,378760,5416,1918,91902.9848,1.42
678,Content Marketing,Asia,Retail,25104.62,984208,16344,1388,30125.544,0.2
679,Email Marketing,North America,Tech,15819.93,863605,16906,1258,36385.839,1.3
680,Email Marketing,Oceania,Automotive,25079.49,303925,11973,1697,24076.3104,-0.04
681,Content Marketing,Asia,Retail,26599.76,285796,4366,1564,23673.7864,-0.11
682,Influencer Marketing,Europe,Healthcare,28572.87,277247,7649,155,29144.3274,0.037167186
683,Radio Ads,South America,Education,22619.96,297644,19194,1993,20357.964,-0.1
684,Search Engine Ads,Africa,Retail,30682.01,780692,10689,1274,68727.7024,1.24
685,Social Media Ads,North America,Healthcare,46018,634624,1757,1917,41416.2,-0.1
686,Billboards,Africa,Finance,18751.14,438745,19025,902,23626.4364,0.26
687,Billboards,Europe,Healthcare,36560.11,647787,6863,353,35828.9078,-0.02
688,Influencer Marketing,Africa,Education,44828.18,683812,19559,1782,58276.634,0.479182195
689,Radio Ads,North America,Healthcare,23342.98,845825,3264,1068,22175.831,-0.05
690,Email Marketing,Europe,Tech,22729.34,434390,18537,711,44094.9196,0.94
691,Email Marketing,Africa,Education,30503.73,467666,8579,10,31418.8419,0.03
692,Billboards,South America,Automotive,29978.93,700796,5837,162,67452.5925,1.25
693,Influencer Marketing,Oceania,Finance,40522.88,319550,19701,438,88745.1072,1.847891859
694,Search Engine Ads,Europe,Tech,24347.69,335203,17931,1978,19965.1058,-0.18
695,Email Marketing,Oceania,Automotive,49810.02,681314,6109,517,115559.2464,1.32
696,Search Engine Ads,Europe,Healthcare,3914.11,354866,17091,1159,3326.9935,-0.15
697,Radio Ads,South America,Education,1155.22,785107,4652,500,1397.8162,0.21
698,Email Marketing,Oceania,Finance,32369.72,546644,18248,1515,27837.9592,-0.14
699,Email Marketing,Asia,Tech,15623.31,662416,9517,354,21403.9347,0.37
700,TV Commercials,North America,Automotive,12778.74,12187,9321,1945,21340.4958,0.479338449
701,Email Marketing,Asia,Automotive,16283.05,873675,2771,1771,35008.5575,1.15
702,Content Marketing,Africa,Finance,13546.33,831530,6619,230,18558.4721,0.37
703,Social Media Ads,South America,Healthcare,2508.71,495687,4062,1948,5017.42,1
704,Content Marketing,Asia,Finance,48605.12,686585,12834,1952,54437.7344,0.12
705,Influencer Marketing,Europe,Automotive,11816.53,668966,13222,732,24578.3824,1.890993731
706,Influencer Marketing,Africa,Retail,36967.46,854052,19661,1058,44360.952,0.377794453
707,Search Engine Ads,Africa,Tech,38367.22,436044,3822,537,39901.9088,0.04
708,Content Marketing,Asia,Finance,46533.61,136270,5006,1215,52117.6432,0.12
709,Content Marketing,Asia,Automotive,2496.92,953993,7363,1532,2771.5812,0.11
710,Content Marketing,South America,Healthcare,43730.37,810819,13799,850,73029.7179,0.67
711,Radio Ads,North America,Automotive,26834.08,341607,11188,1674,60108.3392,1.24
712,Email Marketing,Asia,Healthcare,31994.66,999336,908,1075,30074.9804,-0.06
713,Social Media Ads,Asia,Finance,32579.04,777286,9270,1948,65158.08,1
714,Search Engine Ads,Oceania,Healthcare,41170.09,930095,16360,490,78634.8719,0.91
715,Content Marketing,Europe,Education,17336.96,775791,17209,939,39528.2688,1.28
716,Content Marketing,Oceania,Education,36919.51,976020,10793,1881,45041.8022,0.22
717,TV Commercials,Oceania,Education,26900.33,363827,7801,1781,42233.5181,0.393371949
718,Search Engine Ads,Africa,Retail,39876.31,596349,17700,881,94506.8547,1.37
719,Content Marketing,North America,Finance,49536.76,769785,18681,1472,95110.5792,0.92
720,Search Engine Ads,Europe,Automotive,10831.9,994240,14291,1435,15814.574,0.46
721,Email Marketing,South America,Automotive,49737.78,91257,19290,1579,50732.5356,0.02
722,TV Commercials,South America,Retail,5400.8,71753,17456,354,6751,0.158273431
723,Search Engine Ads,Asia,Healthcare,1113.56,881206,13804,1926,1993.2724,0.79
724,Social Media Ads,Asia,Retail,3163.93,414303,2223,54,6391.1386,1.02
725,Social Media Ads,South America,Healthcare,17747.34,434032,11633,1679,17924.8134,0.01
726,Influencer Marketing,Asia,Healthcare,32012.41,33408,16708,30,58262.5862,1.291723281
727,TV Commercials,North America,Tech,4382.45,134116,14548,1667,7625.463,0.499441026
728,TV Commercials,Oceania,Automotive,1277.62,665496,14686,1103,2133.6254,0.528003833
729,Influencer Marketing,Asia,Education,46917.46,27413,1914,1897,92427.3962,1.738762741
730,Search Engine Ads,Africa,Healthcare,41274.41,647938,13101,882,91629.1902,1.22
731,TV Commercials,Asia,Tech,40649.98,69500,17590,57,54877.473,0.177477157
732,Social Media Ads,Europe,Automotive,44336.79,880946,16608,1524,102417.9849,1.31
733,Social Media Ads,North America,Education,35301.68,66358,19730,560,37772.7976,0.07
734,Content Marketing,Europe,Healthcare,6115.8,76197,13480,296,6666.222,0.09
735,Email Marketing,Europe,Healthcare,20555.91,503992,15506,1011,25694.8875,0.25
736,TV Commercials,Africa,Retail,36434.32,758149,3031,1043,36434.32,0
737,Search Engine Ads,North America,Retail,14736.39,233492,13667,551,17536.3041,0.19
738,Influencer Marketing,North America,Automotive,34682.91,795833,14138,765,33989.2518,-0.033048382
739,Influencer Marketing,North America,Education,2200.42,436070,12417,283,4840.924,2.212746055
740,Search Engine Ads,North America,Healthcare,16000.73,86240,3071,965,16640.7592,0.04
741,Radio Ads,North America,Automotive,27907.39,245595,2117,609,57768.2973,1.07
742,Billboards,Africa,Automotive,31972.4,532710,2515,1789,28135.712,-0.12
743,Email Marketing,Asia,Finance,29274.99,755423,19580,390,70552.7259,1.41
744,Influencer Marketing,Europe,Retail,35190.06,288466,1709,1362,70732.0206,1.82620829
745,TV Commercials,North America,Education,1298.35,909485,817,488,1051.6635,-0.145584176
746,Email Marketing,Asia,Healthcare,5946.12,16968,12762,24,12486.852,1.1
747,TV Commercials,Asia,Automotive,43578.27,299662,6882,525,72775.7109,0.402605491
748,Radio Ads,Europe,Healthcare,34405.68,848357,1148,200,72940.0416,1.12
749,Social Media Ads,Africa,Finance,6533.65,200920,11718,1201,11041.8685,0.69
750,Email Marketing,South America,Education,42261.65,908332,8407,1554,79874.5185,0.89
751,Content Marketing,South America,Automotive,12869.33,889854,8005,630,27540.3662,1.14
752,Influencer Marketing,Asia,Healthcare,24434.73,273844,10093,1170,36407.7477,0.748501862
753,Email Marketing,Oceania,Retail,8114.63,890214,10438,163,6491.704,-0.2
754,Email Marketing,Oceania,Finance,35795.39,242076,5678,1421,80181.6736,1.24
755,Email Marketing,Europe,Education,33675.87,33199,13934,1242,48830.0115,0.45
756,Billboards,South America,Finance,11344.51,447805,18104,281,18604.9964,0.64
757,Email Marketing,Asia,Retail,43306.64,173187,6648,152,35078.3784,-0.19
758,TV Commercials,Africa,Education,20664,465150,7481,1644,33888.96,0.334502388
759,Social Media Ads,South America,Finance,15333.24,519551,3041,1922,38026.4352,1.48
760,Radio Ads,Asia,Tech,8464.15,523942,5795,1853,10749.4705,0.27
761,Search Engine Ads,Asia,Retail,14042.23,719676,6501,1102,20642.0781,0.47
762,Email Marketing,North America,Retail,2079.32,15520,15279,256,4096.2604,0.97
763,Influencer Marketing,Africa,Retail,29579.62,644102,14556,1294,64779.3678,1.805928906
764,Email Marketing,North America,Tech,42269.31,177527,13197,797,63826.6581,0.51
765,Influencer Marketing,Europe,Tech,27900.04,780644,6297,88,37107.0532,0.622929768
766,TV Commercials,North America,Healthcare,11744.42,657652,5550,1691,28069.1638,0.800251515
767,Influencer Marketing,North America,Automotive,2649.79,969109,18037,632,5167.0905,1.782964812
768,Content Marketing,South America,Finance,11516.78,549243,17496,1803,11516.78,0
769,Search Engine Ads,Oceania,Healthcare,21389.95,185121,8478,1638,19678.754,-0.08
770,Social Media Ads,Asia,Finance,38220.96,679277,1981,534,61917.9552,0.62
771,Influencer Marketing,Africa,Automotive,10204.3,997797,6899,781,11939.031,0.319651559
772,Influencer Marketing,North America,Tech,36269.78,481797,14697,947,44611.8294,0.364344276
773,Social Media Ads,Africa,Automotive,43479.74,260144,13775,1654,99568.6046,1.29
774,Search Engine Ads,Oceania,Tech,23243.4,74925,4686,1363,22081.23,-0.05
775,Email Marketing,Oceania,Automotive,41250.17,379360,8530,1222,83325.3434,1.02
776,Influencer Marketing,North America,Healthcare,28178.21,604557,2445,1128,35504.5446,0.449624487
777,Social Media Ads,Europe,Education,32217.45,958458,16559,626,67334.4705,1.09
778,Content Marketing,North America,Healthcare,26787.64,313602,9648,1041,54378.9092,1.03
779,Content Marketing,South America,Finance,23695.46,361181,5977,76,19193.3226,-0.19
780,TV Commercials,Asia,Healthcare,12498.02,686473,6885,1529,20871.6934,0.347558432
781,Social Media Ads,Europe,Retail,15856.51,109977,15933,200,16490.7704,0.04
782,TV Commercials,North America,Finance,15208.54,515838,5022,1399,34523.3858,0.722780522
783,Content Marketing,Africa,Automotive,28601.16,529163,18814,777,65210.6448,1.28
784,Search Engine Ads,Europe,Finance,6877.73,493442,4786,530,10385.3723,0.51
785,Email Marketing,Europe,Education,45922.79,840371,14507,999,71639.5524,0.56
786,Social Media Ads,North America,Tech,36312.1,39345,18386,1150,47931.972,0.32
787,Radio Ads,Europe,Automotive,20670.84,789976,12305,276,41755.0968,1.02
788,Content Marketing,Africa,Finance,8772.58,973817,13279,1644,12369.3378,0.41
789,Content Marketing,Oceania,Automotive,44217.62,382251,18543,494,55714.2012,0.26
790,Radio Ads,Europe,Automotive,41365.13,918298,16624,1542,63288.6489,0.53
791,Billboards,Oceania,Automotive,36364.36,796086,18273,1331,34909.7856,-0.04
792,Content Marketing,Africa,Tech,14305.81,503814,116,1942,29613.0267,1.07
793,Influencer Marketing,North America,Healthcare,20719.89,341310,13474,1197,16990.3098,-0.332835647
794,Search Engine Ads,Asia,Automotive,6034.66,713221,16948,385,11465.854,0.9
795,Social Media Ads,Europe,Retail,10262.94,107406,18311,662,11391.8634,0.11
796,Radio Ads,Asia,Education,39367.82,321442,6056,1301,47241.384,0.2
797,Influencer Marketing,Africa,Tech,36036.9,974725,16573,558,67749.372,1.32882024
798,Radio Ads,Europe,Finance,30080.8,317086,4915,1107,74901.192,1.49
799,Social Media Ads,Oceania,Tech,44890.61,537741,19335,1541,95168.0932,1.12
800,TV Commercials,South America,Finance,29580.06,637099,2943,82,34904.4708,0.130703483
801,Social Media Ads,Asia,Tech,23881.43,589223,16072,317,26269.573,0.1
802,Billboards,Europe,Finance,17678.17,394583,17453,208,40129.4459,1.27
803,Social Media Ads,Asia,Automotive,47081.98,708730,1194,1163,73447.8888,0.56
804,Social Media Ads,Europe,Healthcare,5053.06,804760,6224,1791,5204.6518,0.03
805,Billboards,North America,Finance,46613.48,25534,19679,1857,105812.5996,1.27
806,Search Engine Ads,Oceania,Finance,41509.02,881712,1504,581,90904.7538,1.19
807,Content Marketing,Asia,Retail,7366.57,570608,4082,800,18195.4279,1.47
808,Social Media Ads,South America,Finance,28684.23,583458,12615,1648,67407.9405,1.35
809,Billboards,South America,Retail,43460.85,110546,15890,1841,97786.9125,1.25
810,Influencer Marketing,Africa,Education,29018.65,614489,12305,1865,25826.5985,-0.213274213
811,TV Commercials,Europe,Automotive,45452.79,768761,12848,1520,44543.7342,-0.012954411
812,TV Commercials,Asia,Retail,47206.21,280784,3192,1886,83554.9917,0.578284557
813,Social Media Ads,Africa,Healthcare,21696.84,241324,14071,1184,36884.628,0.7
814,Search Engine Ads,Asia,Automotive,19488.37,494273,14716,1702,30791.6246,0.58
815,Search Engine Ads,Europe,Retail,46879.74,695409,5033,1239,68913.2178,0.47
816,Influencer Marketing,South America,Automotive,34081.86,408834,5026,188,52145.2458,0.978746204
817,Social Media Ads,North America,Automotive,6685.11,243612,4069,206,11832.6447,0.77
818,TV Commercials,South America,Automotive,3072.3,721413,3065,744,2457.84,-0.123320485
819,Search Engine Ads,Africa,Education,28666.82,929424,4419,98,35546.8568,0.24
820,Social Media Ads,Oceania,Healthcare,46578.38,316081,9075,808,78251.6784,0.68
821,Radio Ads,North America,Tech,42368.19,735084,7208,1467,86007.4257,1.03
822,Search Engine Ads,Africa,Tech,34116.54,153279,9241,797,37528.194,0.1
823,Billboards,Europe,Retail,7816.68,206846,16528,757,13522.8564,0.73
824,Radio Ads,North America,Automotive,13457.34,698332,1910,1216,27049.2534,1.01
825,Content Marketing,Africa,Retail,43900.05,414015,10373,218,68484.078,0.56
826,Search Engine Ads,Europe,Education,9957.55,736448,9121,502,8463.9175,-0.15
827,TV Commercials,South America,Education,14643.53,432132,18393,1163,22843.9068,0.421306028
828,Email Marketing,Oceania,Finance,7350.43,80463,6464,674,9555.559,0.3
829,Radio Ads,Europe,Education,34129.3,103500,2681,1046,81227.734,1.38
830,Content Marketing,Asia,Finance,47255.13,217772,791,1667,47727.6813,0.01
831,Influencer Marketing,Europe,Healthcare,14179.43,571446,1031,880,27082.7113,1.480395111
832,Influencer Marketing,Europe,Retail,24294.92,94607,13228,741,21622.4788,-0.213605336
833,TV Commercials,Oceania,Healthcare,32082.65,916071,14326,1139,50048.934,0.33861023
834,Search Engine Ads,Asia,Education,49973.85,779305,13961,1408,86954.499,0.74
835,Social Media Ads,Africa,Healthcare,6135.6,343840,15575,1615,8037.636,0.31
836,Search Engine Ads,Africa,Healthcare,25429.97,857942,3506,1740,39925.0529,0.57
837,TV Commercials,Europe,Healthcare,19870.89,130076,8439,707,21460.5612,0.040730987
838,Influencer Marketing,Asia,Education,43425.19,68692,17516,1132,57321.2508,0.603142746
839,Search Engine Ads,Asia,Automotive,24322.42,665129,17795,603,45239.7012,0.86
840,Influencer Marketing,Oceania,Healthcare,6437.9,727104,8679,1620,8433.649,0.517346467
841,Radio Ads,South America,Finance,32086.78,812242,3221,895,74762.1974,1.33
842,Content Marketing,Africa,Education,38768.25,932630,18357,861,72496.6275,0.87
843,Social Media Ads,Oceania,Healthcare,1141.18,171081,16046,1225,1768.829,0.55
844,Radio Ads,North America,Automotive,43088.88,121718,3848,334,37487.3256,-0.13
845,Influencer Marketing,Africa,Education,10115.13,363076,377,988,16689.9645,1.209376762
846,Influencer Marketing,Oceania,Tech,28051.4,534480,18343,1759,58907.94,2.011783829
847,Email Marketing,Africa,Automotive,21374.08,257536,11663,1860,26717.6,0.25
848,Email Marketing,South America,Finance,36263.04,46413,6892,965,78690.7968,1.17
849,Radio Ads,North America,Healthcare,19186.92,153888,14018,1500,23599.9116,0.23
850,Billboards,South America,Tech,43618.4,573370,10474,903,95960.48,1.2
851,Radio Ads,North America,Tech,36794.32,861480,4775,1400,34586.6608,-0.06
852,Email Marketing,Europe,Education,32737.95,657418,1270,1351,74315.1465,1.27
853,Influencer Marketing,Oceania,Tech,40015.79,585228,8781,153,66026.0535,1.113939354
854,TV Commercials,North America,Finance,37947.13,697490,10817,393,49331.269,0.227253247
855,Radio Ads,South America,Finance,2761,574430,12550,225,3451.25,0.25
856,Influencer Marketing,Africa,Retail,20341.98,532780,10780,1394,31123.2294,1.016522905
857,TV Commercials,North America,Finance,46609.56,46468,10168,333,116523.9,0.896747725
858,TV Commercials,Oceania,Automotive,7160.49,958202,2562,1048,8377.7733,0.096242332
859,Email Marketing,North America,Tech,37117.73,676015,13750,226,36375.3754,-0.02
860,Radio Ads,Asia,Finance,48755,188969,387,1525,87271.45,0.79
861,Search Engine Ads,Africa,Education,3557.73,433291,18391,960,5799.0999,0.63
862,Social Media Ads,Oceania,Retail,34427.5,936863,1261,1580,58182.475,0.69
863,Email Marketing,Oceania,Tech,23939.55,925480,16613,192,46203.3315,0.93
864,Email Marketing,Europe,Retail,29379.59,505413,2463,279,36724.4875,0.25
865,Search Engine Ads,South America,Tech,5181.73,246187,6083,954,12177.0655,1.35
866,Social Media Ads,Europe,Education,3107.34,52056,16627,1500,4785.3036,0.54
867,Influencer Marketing,Oceania,Retail,33676.47,61831,8307,879,34349.9994,0.034179075
868,Billboards,Africa,Healthcare,41342.16,855623,14858,1645,85164.8496,1.06
869,Radio Ads,North America,Automotive,39318.75,783952,344,1552,74312.4375,0.89
870,Billboards,North America,Automotive,27646.48,918380,17410,1575,37046.2832,0.34
871,Influencer Marketing,Africa,Tech,5893.47,436488,3278,476,10961.8542,1.392523687
872,Content Marketing,Oceania,Healthcare,34714.18,642405,2276,314,40615.5906,0.17
873,Email Marketing,North America,Retail,12852.56,286815,5102,1177,20049.9936,0.56
874,Social Media Ads,North America,Healthcare,45642.37,299192,986,120,106346.7221,1.33
875,Email Marketing,North America,Healthcare,42075,822395,19882,1023,43337.25,0.03
876,TV Commercials,South America,Retail,35759.77,578242,13821,241,52209.2642,0.296752509
877,Email Marketing,South America,Education,47493.45,475525,12242,1724,104485.59,1.2
878,Email Marketing,Asia,Healthcare,2539.67,243192,2754,1617,6222.1915,1.45
879,Influencer Marketing,Europe,Healthcare,37073.82,367574,12084,1755,58205.8974,0.927741244
880,Influencer Marketing,Africa,Education,17181.9,535005,17855,1765,28521.954,1.212962541
881,Influencer Marketing,Africa,Healthcare,45397.23,283820,7235,1625,80353.0971,1.363891549
882,Billboards,Africa,Healthcare,14067.08,407650,420,1533,33479.6504,1.38
883,TV Commercials,Asia,Healthcare,36517.97,190882,4754,604,82530.6122,0.737056814
884,Content Marketing,South America,Automotive,44004.7,128696,16231,1587,47965.123,0.09
885,Content Marketing,Oceania,Finance,3041.18,927262,10870,1306,4683.4172,0.54
886,Influencer Marketing,Oceania,Education,20484.73,14994,6653,1736,32570.7207,1.071101056
887,Social Media Ads,Asia,Healthcare,38353.14,800666,11659,182,82075.7196,1.14
888,Billboards,Oceania,Automotive,23291.03,79300,9109,982,42389.6746,0.82
889,Search Engine Ads,Africa,Education,14095.38,316093,13582,1040,26922.1758,0.91
890,Social Media Ads,Europe,Tech,11770.46,571693,7598,1188,29426.15,1.5
891,Radio Ads,North America,Tech,7444.4,307016,6736,1555,6923.292,-0.07
892,Radio Ads,South America,Healthcare,42999.35,314359,7462,555,50739.233,0.18
893,Social Media Ads,South America,Automotive,29192.41,557473,16495,557,43496.6909,0.49
894,Influencer Marketing,Asia,Automotive,4742.86,708802,16678,1954,6592.5754,0.603341665
895,Search Engine Ads,South America,Education,19746.44,526479,2637,527,16587.0096,-0.16
896,Search Engine Ads,Africa,Education,19018.95,454975,19326,1953,18258.192,-0.04
897,Billboards,Oceania,Automotive,9905.22,837585,15316,923,19414.2312,0.96
898,Search Engine Ads,Africa,Education,22339.87,349679,18713,224,51158.3023,1.29
899,Radio Ads,Asia,Automotive,17272.87,667941,3109,143,28845.6929,0.67
900,TV Commercials,Africa,Finance,17748.38,61717,14309,294,30527.2136,0.53833034
901,Influencer Marketing,Oceania,Automotive,37212.3,12763,15775,1159,45771.129,0.45224165
902,Search Engine Ads,Europe,Tech,11939.91,365054,15129,1954,25193.2101,1.11
903,Billboards,Asia,Education,32451.14,65480,2177,1472,67498.3712,1.08
904,Radio Ads,Europe,Automotive,28961.83,704119,14007,1882,52131.294,0.8
905,TV Commercials,North America,Automotive,28836.53,217139,3967,695,33450.3748,0.111781368
906,Email Marketing,Europe,Education,33487.36,128094,16252,1185,32147.8656,-0.04
907,Email Marketing,North America,Finance,27870.72,690667,4973,340,25362.3552,-0.09
908,TV Commercials,North America,Finance,44083.5,761731,8735,1571,79791.135,0.526942351
909,Radio Ads,Europe,Education,34103.42,545352,397,1416,75027.524,1.2
910,Billboards,Asia,Retail,27801.2,86848,13195,1148,62830.712,1.26
911,TV Commercials,Oceania,Education,41658.39,571836,9136,903,66236.8401,0.422266441
912,Influencer Marketing,Africa,Education,30701.18,178017,1115,1515,65393.5134,2.160913889
913,Influencer Marketing,Africa,Finance,15266.07,975441,1484,1317,36791.2287,2.543886783
914,Email Marketing,Oceania,Finance,11147.65,802908,8845,908,14157.5155,0.27
915,Search Engine Ads,North America,Education,8464.06,454972,18834,1108,12526.8088,0.48
916,Billboards,North America,Education,45073.31,886533,17753,1199,107274.4778,1.38
917,Email Marketing,Asia,Education,35796.64,536670,1360,1222,49041.3968,0.37
918,Search Engine Ads,South America,Finance,46931.54,452899,7801,87,110289.119,1.35
919,Search Engine Ads,Europe,Education,30561.3,491215,10501,956,75486.411,1.47
920,Content Marketing,North America,Education,24196.64,710636,15619,1635,46699.5152,0.93
921,Influencer Marketing,Africa,Healthcare,3926.11,960906,11964,697,8598.1809,2.007712066
922,Radio Ads,Asia,Retail,33910.47,495097,15781,30,70194.6729,1.07
923,Social Media Ads,Europe,Tech,29528.23,513516,5643,575,58761.1777,0.99
924,Radio Ads,Asia,Retail,49520.24,430162,18365,1217,65366.7168,0.32
925,Social Media Ads,Europe,Healthcare,12718.78,613986,12588,1904,11446.902,-0.1
926,TV Commercials,Europe,Tech,27006.13,780050,10179,1255,37268.4594,0.29766886
927,Influencer Marketing,Oceania,Education,32896.91,777669,10844,836,63491.0363,1.540332798
928,Search Engine Ads,North America,Healthcare,32584.97,949839,3909,1361,31607.4209,-0.03
929,Billboards,Asia,Education,28503.38,55095,7306,188,23372.7716,-0.18
930,Social Media Ads,Asia,Finance,39069.47,483146,13846,1821,40632.2488,0.04
931,Radio Ads,Oceania,Automotive,11044.08,402118,16095,1145,22309.0416,1.02
932,Search Engine Ads,Africa,Healthcare,36555.73,823629,16135,1769,89561.5385,1.45
933,Social Media Ads,Africa,Finance,31366.99,924051,11771,1759,77476.4653,1.47
934,Social Media Ads,North America,Healthcare,44907.68,556298,13310,1092,73648.5952,0.64
935,Content Marketing,North America,Healthcare,42512.53,427339,17893,1360,96928.5684,1.28
936,Social Media Ads,South America,Finance,16442.2,360067,5297,914,33706.51,1.05
937,Billboards,Oceania,Tech,14535.63,668250,15653,1654,23983.7895,0.65
938,Influencer Marketing,Africa,Retail,49101.01,402670,7552,1930,86908.7877,1.337058539
939,Billboards,Europe,Education,26835.99,119162,8818,678,27641.0697,0.03
940,Email Marketing,Asia,Healthcare,45414.63,393071,14959,200,108540.9657,1.39
941,Search Engine Ads,North America,Education,9030.17,280170,2272,1233,12642.238,0.4
942,Influencer Marketing,Asia,Automotive,32498.13,337069,13258,1345,50697.0828,1.099358389
943,Content Marketing,Asia,Finance,40683.15,603130,16763,717,78925.311,0.94
944,Influencer Marketing,South America,Education,47422.37,305809,19153,1068,64968.6469,0.590055677
945,Influencer Marketing,Africa,Finance,17529.67,281421,11185,388,21561.4941,0.422784778
946,Radio Ads,North America,Education,36524.08,183311,4081,396,68300.0296,0.87
947,Influencer Marketing,Asia,Retail,27401.84,450880,5347,1791,23017.5456,-0.298361354
948,Content Marketing,North America,Retail,3970.82,844440,10653,246,8060.7646,1.03
949,Billboards,Europe,Retail,34809.99,811115,6235,625,58132.6833,0.67
950,Influencer Marketing,South America,Retail,34814.73,666030,5673,1552,63710.9559,1.399743751
951,TV Commercials,Europe,Retail,46599.73,230283,13831,292,87141.4951,0.453559895
952,Search Engine Ads,North America,Retail,25368.31,683249,7289,10,43126.127,0.7
953,Influencer Marketing,North America,Finance,12282.3,458828,14641,1764,21985.317,1.229506043
954,Search Engine Ads,Africa,Healthcare,3183.63,709895,10978,473,6239.9148,0.96
955,TV Commercials,Asia,Education,21366.47,350686,11187,1263,44442.2576,0.804963452
956,TV Commercials,Asia,Retail,15793.92,326463,13767,976,32219.5968,0.691389826
957,Search Engine Ads,Europe,Finance,38293.33,255144,2876,181,87308.7924,1.28
958,Social Media Ads,South America,Finance,18359.12,888499,9411,1120,20562.2144,0.12
959,Email Marketing,Oceania,Finance,47504.49,686999,7797,1586,70306.6452,0.48
960,Radio Ads,Asia,Healthcare,48153.2,205784,14729,1156,116049.212,1.41
961,Social Media Ads,Africa,Education,31424.52,944137,8486,852,46194.0444,0.47
962,Social Media Ads,Europe,Healthcare,46504.35,786505,17146,1331,46969.3935,0.01
963,Billboards,Europe,Tech,38281.86,962164,8144,1918,64696.3434,0.69
964,Radio Ads,Oceania,Finance,27796.12,341119,9715,1962,27518.1588,-0.01
965,Radio Ads,Africa,Tech,9835.09,173244,15134,699,11212.0026,0.14
966,Social Media Ads,South America,Automotive,23471.3,462413,5160,584,58678.25,1.5
967,Influencer Marketing,Africa,Retail,28482.85,111158,11000,1517,48990.502,1.20807867
968,Billboards,South America,Retail,43334.12,986351,5681,174,55467.6736,0.28
969,Billboards,Africa,Healthcare,24585.34,808009,2114,1732,61217.4966,1.49
970,TV Commercials,Africa,Education,44986.06,873731,13097,392,109765.9864,0.833650573
971,Content Marketing,North America,Tech,34043.1,816608,10735,218,52766.805,0.55
972,Radio Ads,Europe,Education,7712.95,971890,13748,1772,9564.058,0.24
973,Social Media Ads,Africa,Healthcare,49754.09,73972,7248,1465,110951.6207,1.23
974,TV Commercials,Oceania,Retail,26834.4,916450,18848,1422,54205.488,0.641868049
975,Search Engine Ads,Africa,Education,20201.06,493007,14122,1593,39796.0882,0.97
976,Email Marketing,Asia,Education,33296.57,444219,6019,233,77248.0424,1.32
977,Content Marketing,Europe,Retail,6335.77,292140,15986,12,12481.4669,0.97
978,Content Marketing,Asia,Tech,32190.39,635210,6738,381,41203.6992,0.28
979,Content Marketing,Europe,Retail,25413.56,883030,4751,1720,50318.8488,0.98
980,Billboards,Asia,Education,20927.03,570219,709,1479,27623.6796,0.32
981,Search Engine Ads,Africa,Tech,47697.98,658456,8040,620,99688.7782,1.09
982,Content Marketing,Africa,Tech,26604.45,176782,10448,125,49218.2325,0.85
983,Search Engine Ads,North America,Retail,11736.76,133099,3966,1303,10915.1868,-0.07
984,Influencer Marketing,Oceania,Education,23489.21,568981,16855,456,39226.9807,1.28972906
985,Content Marketing,Asia,Healthcare,46049.98,963244,17099,1401,63548.9724,0.38
986,Email Marketing,South America,Education,9628.68,118944,2353,1286,13095.0048,0.36
987,Search Engine Ads,North America,Finance,11483.89,758943,5042,1350,20900.6798,0.82
988,Search Engine Ads,Asia,Automotive,1638.45,741862,12430,424,2211.9075,0.35
989,Email Marketing,Asia,Healthcare,1695.31,813806,964,1128,3594.0572,1.12
990,Content Marketing,North America,Tech,41640.19,257572,1368,1818,38308.9748,-0.08
991,Email Marketing,Africa,Healthcare,36874.01,353615,7554,901,70798.0992,0.92
992,Search Engine Ads,Asia,Tech,18397.01,580201,13766,1057,40105.4818,1.18
993,Email Marketing,Africa,Tech,35217.25,920115,12470,1661,68321.465,0.94
994,Search Engine Ads,North America,Healthcare,20365.09,207097,5329,672,33602.3985,0.65
995,Search Engine Ads,Africa,Tech,47691.94,840948,16409,1883,115414.4948,1.42
996,Influencer Marketing,Europe,Tech,48385.58,622084,18721,1083,63385.1098,0.514950361
997,Social Media Ads,South America,Finance,20246.9,298213,4154,1535,16804.927,-0.17
998,Search Engine Ads,Asia,Education,42856.87,914765,1035,727,65571.0111,0.53
999,Content Marketing,Oceania,Education,38881.36,983737,12272,1531,33437.9696,-0.14
1000,TV Commercials,South America,Automotive,16190,94811,10630,1368,39179.8,0.968782967
